{
  "deceptive": {
    "precision": 0.86875,
    "recall": 0.86875,
    "f1-score": 0.86875,
    "support": 160.0
  },
  "truthful": {
    "precision": 0.86875,
    "recall": 0.86875,
    "f1-score": 0.86875,
    "support": 160.0
  },
  "accuracy": 0.86875,
  "macro avg": {
    "precision": 0.86875,
    "recall": 0.86875,
    "f1-score": 0.86875,
    "support": 320.0
  },
  "weighted avg": {
    "precision": 0.86875,
    "recall": 0.86875,
    "f1-score": 0.86875,
    "support": 320.0
  }
}